G Ciencia	Ciencia e ensino	http://www.gciencia.com/	http://www.gciencia.com/feed/	gciencia@gciencia.com
Botons	Ciencia e ensino	http://botons.eu/	http://botons.eu/feed/	contacto@botons.eu
Historia de Galicia	Ciencia e ensino	https://historiadegalicia.gal/	https://historiadegalicia.gal/feed/	redaccion@historiadegalicia.gal
Roman Army	Ciencia e ensino	http://romanarmy.eu/	http://romanarmy.eu/feed/	contacto@romanarmy.eu
Capitulo Cero – Historia	Ciencia e ensino	http://www.manuelgago.org/blog/index.php/category/notas-arqueoloxicas/	http://www.manuelgago.org/blog/index.php/category/notas-arqueoloxicas/feed
Espello	Ciencia e ensino	http://espello.gal/	http://espello.gal/feed/
Ciención de Breogán	Ciencia e ensino	https://cienciondebreogan.wordpress.com/	https://cienciondebreogan.wordpress.com/feed	cienciondebreogan@gmail.com
A Cuarta parede	Cinema	http://www.acuartaparede.com/	http://www.acuartaparede.com/feed/	info@acuartaparede.com
Cineclube Compostela	Cinema	http://cineclubedecompostela.blogaliza.org/	http://cineclubedecompostela.blogaliza.org/feed/	cineclubedecompostela@gmail.com
AVG Culturagalega	Cinema	http://culturagalega.gal/avg/	http://culturagalega.gal/fluxos_avg.php
Nova Fantasia – Cinema	Cinema	http://novafantasia.com/arquivos/category/cinema/	http://novafantasia.com/arquivos/category/cinema/feed
Acto de Primavera	Cinema	https://actodeprimavera.blogspot.com.es/	https://actodeprimavera.blogspot.com/feeds/posts/default	actodeprimavera@gmail.com
Mal de Olho	Cinema	http://maldeolho.com/	http://maldeolho.com/feed
Cinema Galego	Cinema	https://cinemagalego.wordpress.com/	https://cinemagalego.wordpress.com/feed
Eu o que quero é xamón	Culinaria	http://www.euoquequeroexamon.com/	http://www.euoquequeroexamon.com/feed/
Bolboretas no bandullo	Culinaria	http://www.bolboretasnobandullo.com/	http://www.bolboretasnobandullo.com/feeds/posts/default?alt=rss	bolboretasnobandullo@gmail.com
Kukinhas	Culinaria	http://kukinhas.com/	http://kukinhas.com/feed/	kukinhasblogue@gmail.com
As pequenas viaxes	Culinaria	https://oliveiravarela.blogspot.com/	https://oliveiravarela.blogspot.com/feeds/posts/default	olivarela@hotmail.es
Receiras para todos os dias	Culinaria	http://receitasparatodososdias.blogspot.com.es/	http://receitasparatodososdias.blogspot.com/feeds/posts/default
Capítulo Cero – Paparotas	Culinaria	http://www.manuelgago.org/blog/index.php/category/paparotasco/	http://www.manuelgago.org/blog/index.php/category/paparotasco/feed/	magago@gmail.com
Cultura Galega	Cultura	http://culturagalega.gal/	http://www.culturagalega.org/fluxos2.php	redaccion@culturagalega.org
Nova Fantasia	Cultura	http://novafantasia.com/	http://novafantasia.com/feed	redaccion@novafantasia.com
Capitulo Cero – Cultura	Cultura	http://www.manuelgago.org/blog/index.php/category/obxectos-de-cultura/	http://www.manuelgago.org/blog/index.php/category/obxectos-de-cultura/feed
SurfGZ	Deporte	http://www.surfgz.com/	http://www.surfgz.com/index.php?format=feed&type=rss	info@surfgz.com
O Varal	Deporte	http://ovaral.blogspot.com.es/	http://ovaral.blogspot.com/feeds/posts/default	ovaral@hotmail.com
Talento Galego	Ensino	http://talentogalego.com/	http://talentogalego.com/feed	info@talentogalego.com
Namorarte de Galicia	Historia	https://namorartedegalicia.wordpress.com/	https://namorartedegalicia.wordpress.com/feed
O Bichero	Humor	http://obichero.blogspot.com.es/	http://obichero.blogspot.com/feeds/posts/default	davila@obichero.com
O Carrabouxo	Humor	http://www.carrabouxo.es/	http://www.carrabouxo.es/feed/
Tempos Galegos	Humor	http://temposgalegos.com/	https://temposgalegos.com/feed/
Canto Ghalpon	Humor	http://cantoghalpon.gal/	http://cantoghalpon.gal/rss
Disquecool	Lecer	http://www.disquecool.com/	http://www.disquecool.com/feed/	info@disquecool.com
Galicia Encantada	Literatura	http://www.galiciaencantada.com	http://www.galiciaencantada.com/rss.asp	reigosa@mundo-r.com
Lermos.gal	Literatura	http://lermos.gal/	http://lermos.gal/feed/	info@lermos.gal
Palavra común	Literatura	http://palavracomum.com/	http://palavracomum.com/feed/	revistapalavracomum@gmail.com
Letra en Obras	Literatura	http://www.letraenobras.com/	http://www.letraenobras.com/feed/	contacto@letraenobras.com
A sega crítica	Literatura	http://www.asega-critica.net/	http://www.asega-critica.net/feeds/posts/default	assegadoras@gmail.com
LG3 Culturagalega	Literatura	http://culturagalega.gal/lg3/	http://culturagalega.gal/novas_lg3.xml
BD Culturagalega	Literatura	http://culturagalega.gal/bd/	http://culturagalega.gal/novas_bd.xml
Nova Fantasia – Comic	Literatura	http://novafantasia.com/arquivos/category/comic/	http://novafantasia.com/arquivos/category/comic/feed
Nova Fantasia – Libros	Literatura	novafantasia.com/arquivos/category/libros	http://novafantasia.com/arquivos/category/libros/feed
Mario Regueira (escritor)	Literatura	http://marioregueira.gal	http://marioregueira.gal/feed
Biosbardia	Literatura	https://biosbardia.wordpress.com/	https://biosbardia.wordpress.com/feed
Criticalia	Literatura	http://armandorequeixo.blogaliza.org/	http://armandorequeixo.blogaliza.org/feed
GZ Música	Música	http://www.gzmusica.com/	http://www.gzmusica.com/index.php?format=feed&type=rss	info@gzmusica.com
Guieiro Musical	Música	guieiro.com	http://guieiro.com/central/111125wp/feed/
Mega Culturagalega	Música	http://culturagalega.gal/mega/	http://culturagalega.gal/fluxos_mega_novas.php
Música en galego	Música	https://musicaengalego.blogspot.com.es/	https://musicaengalego.blogspot.com/feeds/posts/default?alt=rss
Mallando no Android	Tecnoloxía	http://mallandonoandroid.gal/	http://mallandonoandroid.gal/feed	contacto@mallandonoandroid.gal
Codigo Cero	Tecnoloxía	http://codigo.gal/	http://codigo.gal/feed/	redaccion@codigocero.com
Mola	Cultura	http://mola.gal/	http://mola.gal/feed
A que cheira papa	Cultura	http://aquecheirapapa.com/	http://aquecheirapapa.com/feed/	aquecheirapapa@gmail.com
Revista Morcego	Tecnoloxía	https://revistamorcego.com/	https://revistamorcego.com/feed	info@revistamorcego.com
Mazarelos	Historia	http://www.mazarelos.gal/	http://www.mazarelos.gal/feed	grupomazarelos@gmail.com
Pincha	Lecer	http://revistapincha.gal/	http://revistapincha.gal/feed	ola@revistapincha.gal
Balea	Cultura	http://balea.gal	http://balea.gal/feed	prensa@balea.gal
Mundo escénico	Teatro	https://mundoescenico.gal	https://mundoescenico.gal/feed	info@mundoescenico.gal
Omnivoraz	Cultura	https://omnivoraz.com/gl/	https://omnivoraz.com/gl/feed	omnivoraz@omnivoraz.com
Revista Orballo	Cultura	https://revistaorballo.com/	https://revistaorballo.com/feed	revistaorballo@outlook.com
